camera_matrix,distorsion_params,rotation_matrix,translational_vector
"[[ 4.32130141e+03  0.00000000e+00  6.19829694e+02]
 [ 0.00000000e+00  3.33244077e+03 -7.01416398e+01]
 [ 0.00000000e+00  0.00000000e+00  1.00000000e+00]]",[[-0.05071226  0.23189875  0.17386575 -0.07922046 -0.72000154]],"(array([[-0.96295642],
       [ 0.39773583],
       [ 0.08395927]]),)","(array([[ 3.48728147],
       [ 6.3671839 ],
       [24.63920011]]),)"
