camera_matrix,distorsion_params,rotation_matrix,translational_vector
"[[370.99709784   0.         303.05997759]
 [  0.         291.56925997 248.90844155]
 [  0.           0.           1.        ]]",[[-0.01368861 -1.67147555  0.04339075 -0.00585378  4.71908762]],"(array([[-0.5800151 ],
       [ 0.70492794],
       [ 1.42643265]]),)","(array([[ 2.860459  ],
       [ 1.76913371],
       [15.02337661]]),)"
